{"cameraMode":{"drawMode":0,"name":"Shaded","section":"Shading Mode"},"sceneLighting":true,"audioPlay":false,"sceneViewState":{"showFog":true,"showMaterialUpdate":false,"showSkybox":true,"showFlares":true,"showImageEffects":true,"showParticleSystems":true},"in2DMode":false,"pivot":{"x":-0.4723958969116211,"y":-0.38854169845581057,"z":0.7782588005065918},"rotation":{"x":-0.10291928797960282,"y":0.8854918479919434,"z":-0.2353793978691101,"w":-0.3871796727180481},"size":8.977011680603028,"orthographic":false}