{"cameraMode":{"drawMode":0,"name":"Shaded","section":"Shading Mode"},"sceneLighting":true,"audioPlay":false,"sceneViewState":{"showFog":true,"showMaterialUpdate":false,"showSkybox":true,"showFlares":true,"showImageEffects":true,"showParticleSystems":true},"in2DMode":false,"pivot":{"x":1.8774733543395997,"y":-1.89219331741333,"z":-1.098942756652832},"rotation":{"x":-0.029528848826885225,"y":0.9600332379341126,"z":-0.255193829536438,"w":-0.11108674854040146},"size":19.17046356201172,"orthographic":false}